state1,state2,k,var
ifh,if0,7000,5000.00
if0,ifh,173.0646853,100.00
if0,ifn,2300,1000.00
ifn,if0,114.5102572,500.00
ifn,ofn,5800,1000.00
ofn,ifn,9562.58337,3000.00
ofn,of0,120,12.73
of0,ofn,197.8465525,100.00
of0,ofh,300,50.00
ofh,of0,7359.759059,1000.00
ofh,ifh,6000,1000.00
ifh,ofh,9892.327624,3000.00
