state1,state2,k,var
IFH,IF0,7796.654355,500
IF0,IFH,223.944,10
IF0,IFNA,3781.360698,100
IFNA,IF0,1000,100
IFNA,OFNA,5000,500
OFNA,IFNA,8266.095402,600
OFNA,OF0,1000,100
OF0,OFNA,1915.203159,200
OF0,OFH,223.944,10
OFH,OF0,5633.074759,300
OFH,IFH,5000,400
IFH,OFH,8264.632905,600
