state1,state2,k,var
IFH,IF0,7799.244606,500
IF0,IFH,224.0184,10
IF0,IFNA,320370400,1.00E+06
IFNA,IF0,84723575.87,1.00E+06
IFNA,OFNA,5000,500
OFNA,IFNA,8266.095402,600
OFNA,OF0,167277501.9,1.00E+06
OF0,OFNA,320370400,1.00E+06
OF0,OFH,224.0184,10
OFH,OF0,5634.946213,300
OFH,IFH,5000,400
IFH,OFH,8264.632905,600